record_type,match_id,team_a_abbr,team_b_abbr,team_a_name,team_b_name,date,time,ml_a,ml_b,ml_draw,ml_a_pct,ml_b_pct,ml_draw_pct,total_line,team_a_total,team_b_total,score_a,score_b,matrix_prob,team,pos,slot,name,salary,fpts,fpts_per_k,opto_pct,proj_own,minutes,xg,xa,shots,goal_odds,goal_book,assist_odds,assist_book,soa_odds,soa_book,sot_line,sot_odds,sot_book,ck_taker,fk_taker,inj_status,inj_detail,preview_type,preview_text,preview_team
MATCH,FRA_SEN,FRA,SEN,France,Senegal,16-Jun,3:00 PM,-189.0,520.0,271.0,64.64%,14.16%,21.21%,2.75,1.94,0.81,,,,,,,,,,,,,,,,,,,,,,,,,,,,,,,,
MATCH,IRQ_NOR,NOR,IRQ,Norway,Iraq,16-Jun,6:00 PM,-475.0,1300.0,600.0,79.4%,6.9%,13.7%,3.0,2.39,0.61,,,,,,,,,,,,,,,,,,,,,,,,,,,,,,,,
MATCH,ALG_ARG,ARG,ALG,Argentina,Algeria,16-Jun,9:00 PM,-239.0,600.0,350.0,71%,11%,20%,2.5,1.78,0.72,,,,,,,,,,,,,,,,,,,,,,,,,,,,,,,,
MATCH,AUT_JOR,AUT,JOR,Austria,Jordan,16-Jun,12:00 AM,-310.0,800.0,440.0,73%,11%,17%,2.5,1.83,0.67,,,,,,,,,,,,,,,,,,,,,,,,,,,,,,,,
PLAYER,ALG_ARG,ARG,ALG,Argentina,Algeria,16-Jun,9:00 PM,,,,,,,,,,,,,ALG,,F2,Riyad Mahrez,4800.0,7.72,1.608,4.88,5.3,68.0,0.13,0.09,1.31,500.0,DK NJ,650.0,bet365 NJ,280.0,FanDuel NJ,1.5,2200.0,Betfair UK,1.0,0.0,,,,,
PLAYER,ALG_ARG,ARG,ALG,Argentina,Algeria,16-Jun,9:00 PM,,,,,,,,,,,,,ALG,,S1,Amine Gouiri,5000.0,7.69,1.538,11.98,3.98,68.0,0.17,0.09,1.56,500.0,DK NJ,1300.0,FanDuel NJ,350.0,FanDuel NJ,1.5,1700.0,Betfair UK,0.0,0.0,,,,,
PLAYER,ALG_ARG,ARG,ALG,Argentina,Algeria,16-Jun,9:00 PM,,,,,,,,,,,,,ALG,,F1,Mohammed Amoura,5700.0,7.6,1.333,8.65,1.99,84.0,0.15,0.08,1.29,550.0,bet365 NJ,1000.0,FanDuel NJ,360.0,FanDuel NJ,1.5,2500.0,Betfair UK,0.0,0.0,,,,,
PLAYER,ALG_ARG,ARG,ALG,Argentina,Algeria,16-Jun,9:00 PM,,,,,,,,,,,,,ALG,,M2,Fares Chaibi,4500.0,7.15,1.589,5.05,4.97,82.0,0.07,0.09,0.72,1600.0,DK NJ,900.0,FanDuel NJ,480.0,FanDuel NJ,1.5,3300.0,Skybet,0.0,0.0,,,,,
PLAYER,ALG_ARG,ARG,ALG,Argentina,Algeria,16-Jun,9:00 PM,,,,,,,,,,,,,ALG,,D1,Rayan Ait-Nouri,4100.0,6.94,1.693,9.8,6.3,88.0,0.03,0.06,0.32,3000.0,DK NJ,1200.0,FanDuel NJ,800.0,bet365 NJ,1.5,6000.0,Betfair UK,0.0,0.0,,,,,
PLAYER,ALG_ARG,ARG,ALG,Argentina,Algeria,16-Jun,9:00 PM,,,,,,,,,,,,,ALG,,D2,Jaouen Hadjam,2800.0,6.03,2.154,8.69,12.26,82.0,0.01,0.06,0.27,2700.0,FanDuel NJ,3000.0,FanDuel NJ,1500.0,FanDuel NJ,1.5,4000.0,Betfair UK,0.0,0.0,,,,,
PLAYER,ALG_ARG,ARG,ALG,Argentina,Algeria,16-Jun,9:00 PM,,,,,,,,,,,,,ALG,,M1,Hicham Boudaoui,3100.0,5.99,1.932,3.53,4.31,84.0,0.04,0.05,0.51,2500.0,DK NJ,1400.0,FanDuel NJ,750.0,FanDuel NJ,1.5,4000.0,Skybet,0.0,0.0,,,,,
PLAYER,ALG_ARG,ARG,ALG,Argentina,Algeria,16-Jun,9:00 PM,,,,,,,,,,,,,ALG,,M3,Nabil Bentaleb,3400.0,5.93,1.744,3.3,1.66,82.0,0.05,0.07,0.54,1600.0,DK NJ,1400.0,FanDuel NJ,700.0,FanDuel NJ,1.5,4000.0,Skybet,0.0,0.0,,,,,
PLAYER,ALG_ARG,ARG,ALG,Argentina,Algeria,16-Jun,9:00 PM,,,,,,,,,,,,,ALG,,GK1,Luca Zidane,4000.0,4.69,1.172,7.92,3.31,90.0,0.0,0.0,0.0,,,,,,,,,,0.0,0.0,,,,,
PLAYER,ALG_ARG,ARG,ALG,Argentina,Algeria,16-Jun,9:00 PM,,,,,,,,,,,,,ALG,,D4,Rafik Belghali,2700.0,4.34,1.607,4.36,0.99,78.0,0.03,0.05,0.31,2500.0,DK NJ,1200.0,FanDuel NJ,750.0,bet365 NJ,1.5,6000.0,Betfair UK,0.0,0.0,,,,,
PLAYER,ALG_ARG,ARG,ALG,Argentina,Algeria,16-Jun,9:00 PM,,,,,,,,,,,,,ALG,,D3,Aissa Mandi,2600.0,4.24,1.631,2.59,1.33,82.0,0.01,0.02,0.26,3000.0,DK NJ,3000.0,FanDuel NJ,1600.0,FanDuel NJ,1.5,6000.0,Betfair UK,0.0,0.0,,,,,
PLAYER,ALG_ARG,ARG,ALG,Argentina,Algeria,16-Jun,9:00 PM,,,,,,,,,,,,,ARG,,F2,Lionel Messi,11000.0,21.89,1.99,27.56,43.09,81.0,0.66,0.24,3.73,105.0,DK NJ,250.0,bet365 NJ,-200.0,bet365 NJ,1.5,275.0,Betfair UK,1.0,0.0,,,,,
PLAYER,ALG_ARG,ARG,ALG,Argentina,Algeria,16-Jun,9:00 PM,,,,,,,,,,,,,ARG,,S1,Lautaro Martinez,10200.0,13.2,1.294,15.42,5.3,75.0,0.56,0.13,2.58,150.0,DK NJ,450.0,bet365 NJ,-135.0,FanDuel NJ,1.5,400.0,Skybet,0.0,0.0,,,,,
PLAYER,ALG_ARG,ARG,ALG,Argentina,Algeria,16-Jun,9:00 PM,,,,,,,,,,,,,ARG,,M2,Enzo Fernandez,6600.0,11.83,1.792,11.45,15.91,84.0,0.22,0.16,1.68,500.0,DK NJ,350.0,bet365 NJ,150.0,bet365 NJ,1.5,1100.0,Skybet,0.0,0.0,,,,,
PLAYER,ALG_ARG,ARG,ALG,Argentina,Algeria,16-Jun,9:00 PM,,,,,,,,,,,,,ARG,,F1,Thiago Almada,6200.0,11.34,1.829,9.78,20.55,75.0,0.28,0.22,1.92,285.0,Caesars NJ,333.0,bet365 NJ,125.0,FanDuel NJ,1.5,700.0,Skybet,0.0,0.0,,,,,
PLAYER,ALG_ARG,ARG,ALG,Argentina,Algeria,16-Jun,9:00 PM,,,,,,,,,,,,,ARG,,M3,Alexis Mac Allister,4300.0,9.38,2.181,9.75,20.22,78.0,0.16,0.13,1.47,600.0,DK NJ,550.0,bet365 NJ,210.0,bet365 NJ,1.5,1200.0,Betfair UK,0.0,0.0,,,,,
PLAYER,ALG_ARG,ARG,ALG,Argentina,Algeria,16-Jun,9:00 PM,,,,,,,,,,,,,ARG,,M1,Rodrigo De Paul,5700.0,9.36,1.642,5.73,4.97,80.0,0.09,0.19,0.8,750.0,DK NJ,360.0,FanDuel NJ,225.0,Betfair UK,1.5,2000.0,Betfair UK,1.0,0.0,,,,,
PLAYER,ALG_ARG,ARG,ALG,Argentina,Algeria,16-Jun,9:00 PM,,,,,,,,,,,,,ARG,,D4,Gonzalo Montiel,3800.0,8.74,2.3,18.75,22.54,1.0,0.1,0.13,0.54,750.0,Caesars NJ,500.0,bet365 NJ,275.0,bet365 NJ,1.5,3500.0,Betfair UK,0.0,0.0,,,,,
PLAYER,ALG_ARG,ARG,ALG,Argentina,Algeria,16-Jun,9:00 PM,,,,,,,,,,,,,ARG,,GK1,Emiliano Martinez,5600.0,7.89,1.409,10.48,7.29,90.0,0.0,0.0,0.0,1000.0,BetanoUK,,,,,,,,0.0,0.0,,,,,
PLAYER,ALG_ARG,ARG,ALG,Argentina,Algeria,16-Jun,9:00 PM,,,,,,,,,,,,,ARG,,D3,Cristian Romero,4100.0,6.95,1.695,8.66,3.31,1.0,0.08,0.1,0.5,1000.0,DK NJ,1000.0,bet365 NJ,500.0,bet365 NJ,1.5,3300.0,Skybet,0.0,0.0,,,,,
PLAYER,ALG_ARG,ARG,ALG,Argentina,Algeria,16-Jun,9:00 PM,,,,,,,,,,,,,ARG,,D2,Nicolas Otamendi,4000.0,6.56,1.64,6.03,1.66,86.0,0.05,0.05,0.49,1600.0,DK NJ,1100.0,bet365 NJ,600.0,bet365 NJ,1.5,3300.0,Skybet,0.0,0.0,,,,,
PLAYER,ALG_ARG,ARG,ALG,Argentina,Algeria,16-Jun,9:00 PM,,,,,,,,,,,,,ARG,,D1,Lisandro Martinez,3600.0,5.94,1.65,5.53,1.66,71.0,0.04,0.07,0.41,2000.0,DK NJ,1400.0,FanDuel NJ,600.0,FanDuel NJ,1.5,4000.0,Skybet,0.0,0.0,,,,,
PLAYER,AUT_JOR,AUT,JOR,Austria,Jordan,16-Jun,12:00 AM,,,,,,,,,,,,,AUT,,M1,Marcel Sabitzer,9400.0,15.25,1.622,14.93,10.94,88.0,0.43,0.18,2.03,191.0,Caesars NJ,333.0,bet365 NJ,-105.0,bet365 NJ,1.5,550.0,Betfair UK,1.0,0.0,,,,,
PLAYER,AUT_JOR,AUT,JOR,Austria,Jordan,16-Jun,12:00 AM,,,,,,,,,,,,,AUT,,F3,Marko Arnautovic,9000.0,14.0,1.556,21.64,11.6,73.0,0.56,0.17,2.28,120.0,DK NJ,400.0,FanDuel NJ,-125.0,Betfair UK,1.5,400.0,Skybet,0.0,0.0,,,,,
PLAYER,AUT_JOR,AUT,JOR,Austria,Jordan,16-Jun,12:00 AM,,,,,,,,,,,,,AUT,,F1,Romano Schmid,8400.0,13.52,1.61,12.82,15.25,81.0,0.3,0.24,1.58,290.0,DK NJ,275.0,bet365 NJ,-100.0,FanDuel NJ,1.5,700.0,Betfair UK,0.0,0.0,,,,,
PLAYER,AUT_JOR,AUT,JOR,Austria,Jordan,16-Jun,12:00 AM,,,,,,,,,,,,,AUT,,F2,Michael Gregoritsch,10000.0,12.17,1.217,7.46,3.65,62.0,0.53,0.14,2.01,132.0,Caesars NJ,600.0,bet365 NJ,-125.0,bet365 NJ,1.5,350.0,Betfair UK,0.0,0.0,,,,,
PLAYER,AUT_JOR,AUT,JOR,Austria,Jordan,16-Jun,12:00 AM,,,,,,,,,,,,,AUT,,D1,Phillipp Mwene,4600.0,9.67,2.102,18.65,22.87,80.0,0.07,0.18,0.39,1500.0,DK NJ,500.0,bet365 NJ,250.0,bet365 NJ,1.5,4500.0,Betfair UK,0.0,0.0,,,,,
PLAYER,AUT_JOR,AUT,JOR,Austria,Jordan,16-Jun,12:00 AM,,,,,,,,,,,,,AUT,,D4,Konrad Laimer,3800.0,9.41,2.476,10.71,20.22,84.0,0.14,0.14,0.75,750.0,FanDuel NJ,450.0,bet365 NJ,240.0,Betfair UK,1.5,4500.0,Betfair UK,0.0,0.0,,,,,
PLAYER,AUT_JOR,AUT,JOR,Austria,Jordan,16-Jun,12:00 AM,,,,,,,,,,,,,AUT,,GK1,Alexander Schlager,5800.0,9.15,1.578,13.86,23.87,90.0,0.0,0.0,0.0,,,,,,,,,,0.0,0.0,,,,,
PLAYER,AUT_JOR,AUT,JOR,Austria,Jordan,16-Jun,12:00 AM,,,,,,,,,,,,,AUT,,M3,Nicolas Seiwald,3500.0,7.68,2.194,5.18,8.95,88.0,0.07,0.11,0.65,850.0,DK NJ,650.0,bet365 NJ,300.0,FanDuel NJ,1.5,4500.0,Betfair UK,0.0,0.0,,,,,
PLAYER,AUT_JOR,AUT,JOR,Austria,Jordan,16-Jun,12:00 AM,,,,,,,,,,,,,AUT,,M2,Xaver Schlager,4000.0,7.19,1.798,5.32,3.98,64.0,0.12,0.12,0.87,650.0,DK NJ,550.0,FanDuel NJ,250.0,FanDuel NJ,1.5,1900.0,Betfair UK,0.0,0.0,,,,,
PLAYER,AUT_JOR,AUT,JOR,Austria,Jordan,16-Jun,12:00 AM,,,,,,,,,,,,,AUT,,D2,David Alaba,4200.0,6.9,1.643,7.49,2.98,74.0,0.06,0.09,0.71,1300.0,DK NJ,500.0,bet365 NJ,320.0,FanDuel NJ,1.5,3300.0,Betfair UK,0.0,0.0,,,,,
PLAYER,AUT_JOR,AUT,JOR,Austria,Jordan,16-Jun,12:00 AM,,,,,,,,,,,,,AUT,,D3,Philipp Lienhart,3300.0,6.3,1.909,7.57,7.29,84.0,0.05,0.06,0.34,1500.0,DK NJ,1100.0,bet365 NJ,550.0,bet365 NJ,1.5,2500.0,Betfair UK,0.0,0.0,,,,,
PLAYER,AUT_JOR,AUT,JOR,Austria,Jordan,16-Jun,12:00 AM,,,,,,,,,,,,,JOR,,F2,Mousa Al Tamari,5600.0,8.96,1.6,7.59,6.96,84.0,0.14,0.09,1.23,600.0,FanDuel NJ,900.0,bet365 NJ,333.0,bet365 NJ,1.5,2000.0,Betfair UK,1.0,0.0,,,,,
PLAYER,AUT_JOR,AUT,JOR,Austria,Jordan,16-Jun,12:00 AM,,,,,,,,,,,,,JOR,,GK1,Yazeed Abulaila,3800.0,6.57,1.729,19.07,23.87,90.0,0.0,0.0,0.0,,,,,,,,,,0.0,0.0,,,,,
PLAYER,AUT_JOR,AUT,JOR,Austria,Jordan,16-Jun,12:00 AM,,,,,,,,,,,,,JOR,,M4,Ehsan Haddad,4400.0,5.92,1.345,6.65,3.31,88.0,0.01,0.07,0.5,2500.0,DK NJ,1100.0,bet365 NJ,800.0,Betfair UK,1.5,4000.0,Skybet,0.0,0.0,,,,,
PLAYER,AUT_JOR,AUT,JOR,Austria,Jordan,16-Jun,12:00 AM,,,,,,,,,,,,,JOR,,F1,Odeh Fakhoury,3500.0,5.48,1.566,2.47,2.65,68.0,0.09,0.05,0.71,850.0,Betfair UK,900.0,bet365 NJ,500.0,Betfair UK,1.5,3300.0,Betfair UK,0.0,0.0,,,,,
PLAYER,AUT_JOR,AUT,JOR,Austria,Jordan,16-Jun,12:00 AM,,,,,,,,,,,,,JOR,,M2,Nizar Al Rashdan,3300.0,5.22,1.582,2.31,2.32,81.0,0.04,0.06,0.57,1400.0,DK NJ,1100.0,Betfair UK,650.0,Betfair UK,1.5,4500.0,Betfair UK,0.0,0.0,,,,,
PLAYER,AUT_JOR,AUT,JOR,Austria,Jordan,16-Jun,12:00 AM,,,,,,,,,,,,,JOR,,S1,Ali Olwan,5200.0,4.8,0.923,4.67,0.5,88.0,0.16,0.07,1.22,500.0,Skybet,900.0,Betfair UK,333.0,Betfair UK,1.5,850.0,Skybet,0.0,0.0,,,,,
PLAYER,AUT_JOR,AUT,JOR,Austria,Jordan,16-Jun,12:00 AM,,,,,,,,,,,,,JOR,,D1,Yazan Al Arab,2900.0,4.08,1.407,2.24,0.66,88.0,0.01,0.03,0.26,2200.0,Betfair UK,2500.0,bet365 NJ,1400.0,bet365 NJ,1.5,6000.0,Betfair UK,0.0,0.0,,,,,
PLAYER,AUT_JOR,AUT,JOR,Austria,Jordan,16-Jun,12:00 AM,,,,,,,,,,,,,JOR,,M4,Mohannad Abu Taha,2800.0,3.96,1.414,4.01,0.66,83.0,0.02,0.08,0.68,1800.0,FanDuel NJ,850.0,FanDuel NJ,600.0,FanDuel NJ,1.5,3500.0,Betfair UK,0.0,0.0,,,,,
PLAYER,AUT_JOR,AUT,JOR,Austria,Jordan,16-Jun,12:00 AM,,,,,,,,,,,,,JOR,,D2,Abdallah Nasib,2500.0,3.82,1.528,2.69,1.99,88.0,0.01,0.02,0.34,2700.0,FanDuel NJ,2200.0,FanDuel NJ,1300.0,FanDuel NJ,1.5,4500.0,Betfair UK,0.0,0.0,,,,,
PLAYER,AUT_JOR,AUT,JOR,Austria,Jordan,16-Jun,12:00 AM,,,,,,,,,,,,,JOR,,D3,Saleem Obaid,2500.0,3.07,1.228,1.67,0.5,88.0,0.01,0.02,0.27,4500.0,FanDuel NJ,2500.0,FanDuel NJ,1700.0,FanDuel NJ,1.5,4000.0,Skybet,0.0,0.0,,,,,
PLAYER,AUT_JOR,AUT,JOR,Austria,Jordan,16-Jun,12:00 AM,,,,,,,,,,,,,JOR,,M1,Noor Al Rawabdeh,3200.0,3.02,0.944,0.77,0.5,88.0,0.03,0.06,0.42,1700.0,FanDuel NJ,1300.0,FanDuel NJ,750.0,FanDuel NJ,1.5,4000.0,Skybet,0.0,0.0,,,,,
PLAYER,FRA_SEN,FRA,SEN,France,Senegal,16-Jun,3:00 PM,,,,,,,,,,,,,FRA,,F3,Michael Olise,9800.0,18.59,1.897,21.95,24.53,85.0,0.35,0.33,2.79,240.0,DK NJ,200.0,bet365 NJ,-120.0,Betfair UK,1.5,600.0,Betfair UK,1.0,0.0,,,,,
PLAYER,FRA_SEN,FRA,SEN,France,Senegal,16-Jun,3:00 PM,,,,,,,,,,,,,FRA,,S1,Kylian Mbappe,10500.0,18.15,1.729,27.46,21.55,88.0,0.67,0.18,4.38,105.0,DK NJ,350.0,bet365 NJ,-175.0,Betfair UK,1.5,260.0,Betfair UK,0.0,0.0,,,,,
PLAYER,FRA_SEN,FRA,SEN,France,Senegal,16-Jun,3:00 PM,,,,,,,,,,,,,FRA,,F1,Desire Doue,8600.0,14.64,1.702,11.98,17.24,71.0,0.36,0.19,2.45,215.0,Caesars NJ,333.0,bet365 NJ,-100.0,Betfair UK,1.5,800.0,Skybet,0.0,0.0,,,,,
PLAYER,FRA_SEN,FRA,SEN,France,Senegal,16-Jun,3:00 PM,,,,,,,,,,,,,FRA,,F2,Ousmane Dembele,9300.0,14.61,1.571,10.83,17.24,74.0,0.38,0.21,2.45,185.0,Caesars NJ,300.0,bet365 NJ,-110.0,Betfair UK,1.5,750.0,Skybet,0.0,0.0,,,,,
PLAYER,FRA_SEN,FRA,SEN,France,Senegal,16-Jun,3:00 PM,,,,,,,,,,,,,FRA,,D1,Theo Hernandez,4800.0,9.48,1.975,15.79,19.23,88.0,0.1,0.14,0.62,800.0,DK NJ,550.0,bet365 NJ,260.0,bet365 NJ,1.5,4500.0,Betfair UK,0.0,0.0,,,,,
PLAYER,FRA_SEN,FRA,SEN,France,Senegal,16-Jun,3:00 PM,,,,,,,,,,,,,FRA,,M1,Adrien Rabiot,4200.0,8.7,2.071,8.97,13.59,78.0,0.18,0.15,1.02,450.0,bet365 NJ,550.0,FanDuel NJ,225.0,bet365 NJ,1.5,1800.0,Betfair UK,0.0,0.0,,,,,
PLAYER,FRA_SEN,FRA,SEN,France,Senegal,16-Jun,3:00 PM,,,,,,,,,,,,,FRA,,D4,Jules Kounde,4700.0,8.36,1.779,9.39,7.62,82.0,0.05,0.11,0.39,1900.0,DK NJ,700.0,FanDuel NJ,490.0,FanDuel NJ,1.5,3000.0,Betfair UK,0.0,0.0,,,,,
PLAYER,FRA_SEN,FRA,SEN,France,Senegal,16-Jun,3:00 PM,,,,,,,,,,,,,FRA,,GK1,Mike Maignan,5400.0,7.95,1.472,12.69,12.93,90.0,0.0,0.0,0.0,,,,,,,,,,0.0,0.0,,,,,
PLAYER,FRA_SEN,FRA,SEN,France,Senegal,16-Jun,3:00 PM,,,,,,,,,,,,,FRA,,M2,Aurelien Tchouameni,4000.0,6.95,1.738,3.44,0.66,79.0,0.07,0.1,1.22,1000.0,DK NJ,600.0,bet365 NJ,340.0,FanDuel NJ,1.5,4500.0,Betfair UK,0.0,0.0,,,,,
PLAYER,FRA_SEN,FRA,SEN,France,Senegal,16-Jun,3:00 PM,,,,,,,,,,,,,FRA,,D3,Dayot Upamecano,3000.0,6.87,2.29,9.93,15.25,88.0,0.06,0.05,0.48,1300.0,DK NJ,2000.0,FanDuel NJ,700.0,FanDuel NJ,1.5,4000.0,Skybet,0.0,0.0,,,,,
PLAYER,FRA_SEN,FRA,SEN,France,Senegal,16-Jun,3:00 PM,,,,,,,,,,,,,FRA,,D2,William Saliba,3300.0,5.9,1.788,5.76,2.32,88.0,0.04,0.06,0.31,2500.0,DK NJ,1400.0,bet365 NJ,650.0,bet365 NJ,1.5,4500.0,Betfair UK,0.0,0.0,,,,,
PLAYER,FRA_SEN,FRA,SEN,France,Senegal,16-Jun,3:00 PM,,,,,,,,,,,,,SEN,,D1,El Hadji Malick Diouf,4300.0,8.15,1.895,16.49,17.24,88.0,0.02,0.08,0.39,2200.0,FanDuel NJ,800.0,bet365 NJ,550.0,FanDuel NJ,1.5,4000.0,Skybet,1.0,0.0,,,,,
PLAYER,FRA_SEN,FRA,SEN,France,Senegal,16-Jun,3:00 PM,,,,,,,,,,,,,SEN,,M1,Lamine Camara,5000.0,8.06,1.612,5.07,5.3,77.0,0.05,0.08,0.49,1600.0,FanDuel NJ,850.0,FanDuel NJ,550.0,FanDuel NJ,1.5,3500.0,Betfair UK,0.0,0.0,,,,,
PLAYER,FRA_SEN,FRA,SEN,France,Senegal,16-Jun,3:00 PM,,,,,,,,,,,,,SEN,,F2,Iliman Ndiaye,4000.0,7.75,1.938,8.08,9.28,76.0,0.13,0.08,0.86,550.0,DK NJ,800.0,FanDuel NJ,340.0,FanDuel NJ,1.5,2500.0,Betfair UK,0.0,0.0,,,,,
PLAYER,FRA_SEN,FRA,SEN,France,Senegal,16-Jun,3:00 PM,,,,,,,,,,,,,SEN,,M3,Pape Gueye,4700.0,7.15,1.521,4.18,3.31,73.0,0.07,0.07,0.82,1000.0,DK NJ,1400.0,Betfair UK,600.0,Betfair UK,1.5,3300.0,Betfair UK,0.0,0.0,,,,,
PLAYER,FRA_SEN,FRA,SEN,France,Senegal,16-Jun,3:00 PM,,,,,,,,,,,,,SEN,,F1,Sadio Mane,6300.0,6.88,1.092,3.5,1.66,80.0,0.16,0.09,1.55,500.0,DK NJ,700.0,FanDuel NJ,300.0,FanDuel NJ,1.5,1400.0,Betfair UK,0.0,0.0,,,,,
PLAYER,FRA_SEN,FRA,SEN,France,Senegal,16-Jun,3:00 PM,,,,,,,,,,,,,SEN,,D4,Krepin Diatta,3600.0,6.87,1.908,2.61,8.29,87.0,0.04,0.07,0.34,1900.0,DK NJ,900.0,FanDuel NJ,550.0,bet365 NJ,1.5,8000.0,Skybet,1.0,0.0,,,,,
PLAYER,FRA_SEN,FRA,SEN,France,Senegal,16-Jun,3:00 PM,,,,,,,,,,,,,SEN,,S1,Nicolas Jackson,5600.0,6.84,1.221,4.15,2.98,74.0,0.18,0.08,1.51,425.0,DK NJ,950.0,FanDuel NJ,290.0,FanDuel NJ,1.5,1400.0,Betfair UK,0.0,0.0,,,,,
PLAYER,FRA_SEN,FRA,SEN,France,Senegal,16-Jun,3:00 PM,,,,,,,,,,,,,SEN,,GK1,Edouard Mendy,4200.0,6.17,1.469,13.06,9.94,90.0,0.0,0.0,0.0,,,,,,,,,,0.0,0.0,,,,,
PLAYER,FRA_SEN,FRA,SEN,France,Senegal,16-Jun,3:00 PM,,,,,,,,,,,,,SEN,,M2,Habib Diarra,3400.0,6.02,1.771,5.08,2.65,66.0,0.11,0.05,0.51,700.0,DK NJ,750.0,Betfair UK,350.0,Betfair UK,1.5,6000.0,Betfair UK,0.0,0.0,,,,,
PLAYER,FRA_SEN,FRA,SEN,France,Senegal,16-Jun,3:00 PM,,,,,,,,,,,,,SEN,,D3,Moussa Niakhate,2700.0,4.41,1.633,3.91,1.66,86.0,0.01,0.04,0.21,3500.0,DK NJ,2200.0,FanDuel NJ,1200.0,FanDuel NJ,1.5,5000.0,Skybet,0.0,0.0,,,,,
PLAYER,FRA_SEN,FRA,SEN,France,Senegal,16-Jun,3:00 PM,,,,,,,,,,,,,SEN,,D2,Kalidou Koulibaly,3700.0,3.62,0.978,1.81,0.5,88.0,0.02,0.03,0.26,2200.0,FanDuel NJ,2200.0,FanDuel NJ,1200.0,FanDuel NJ,1.5,4000.0,Skybet,0.0,0.0,,,,,
PLAYER,IRQ_NOR,NOR,IRQ,Norway,Iraq,16-Jun,6:00 PM,,,,,,,,,,,,,IRQ,,D1,Merchas Doski,4200.0,8.06,1.919,15.09,18.89,88.0,0.03,0.06,0.26,5000.0,DK NJ,1800.0,FanDuel NJ,1500.0,FanDuel NJ,1.5,5000.0,Skybet,0.0,0.0,,,,,
PLAYER,IRQ_NOR,NOR,IRQ,Norway,Iraq,16-Jun,6:00 PM,,,,,,,,,,,,,IRQ,,M1,Amir Al Ammari,3200.0,6.86,2.144,4.72,10.94,87.0,0.01,0.06,0.45,2700.0,FanDuel NJ,1600.0,FanDuel NJ,1100.0,FanDuel NJ,1.5,3000.0,Betfair UK,1.0,0.0,,,,,
PLAYER,IRQ_NOR,NOR,IRQ,Norway,Iraq,16-Jun,6:00 PM,,,,,,,,,,,,,IRQ,,S1,Ali Al Hamadi,3500.0,5.88,1.68,8.11,3.31,62.0,0.1,0.06,1.2,750.0,FanDuel NJ,2000.0,FanDuel NJ,550.0,FanDuel NJ,1.5,1400.0,Betfair UK,0.0,0.0,,,,,
PLAYER,IRQ_NOR,NOR,IRQ,Norway,Iraq,16-Jun,6:00 PM,,,,,,,,,,,,,IRQ,,M4,Ali Jasim,4000.0,5.63,1.408,3.08,1.33,77.0,0.06,0.07,1.15,1000.0,FanDuel NJ,1000.0,FanDuel NJ,500.0,FanDuel NJ,1.5,1200.0,FanDuel NJ,0.0,0.0,,,,,
PLAYER,IRQ_NOR,NOR,IRQ,Norway,Iraq,16-Jun,6:00 PM,,,,,,,,,,,,,IRQ,,M2,Zidane Iqbal,5100.0,5.06,0.992,1.15,0.5,75.0,0.03,0.06,0.36,1700.0,FanDuel NJ,1800.0,FanDuel NJ,950.0,FanDuel NJ,1.5,3300.0,Betfair UK,0.0,0.0,,,,,
PLAYER,IRQ_NOR,NOR,IRQ,Norway,Iraq,16-Jun,6:00 PM,,,,,,,,,,,,,IRQ,,D4,Hussein Ali,2600.0,5.02,1.931,6.89,7.96,81.0,0.02,0.05,0.26,5000.0,DK NJ,1600.0,FanDuel NJ,1300.0,FanDuel NJ,1.5,5000.0,Skybet,0.0,0.0,,,,,
PLAYER,IRQ_NOR,NOR,IRQ,Norway,Iraq,16-Jun,6:00 PM,,,,,,,,,,,,,IRQ,,GK1,Jalal Hassan,3600.0,4.48,1.244,10.44,3.65,90.0,0.0,0.0,0.0,,,,,,,,,,0.0,0.0,,,,,
PLAYER,IRQ_NOR,NOR,IRQ,Norway,Iraq,16-Jun,6:00 PM,,,,,,,,,,,,,IRQ,,S2,Aymen Hussein,5800.0,4.21,0.726,3.19,0.5,80.0,0.12,0.04,1.22,600.0,FanDuel NJ,1200.0,FanDuel NJ,440.0,FanDuel NJ,1.5,1400.0,Betfair UK,0.0,0.0,,,,,
PLAYER,IRQ_NOR,NOR,IRQ,Norway,Iraq,16-Jun,6:00 PM,,,,,,,,,,,,,IRQ,,M4,Ibrahim Bayesh,4300.0,4.0,0.93,1.33,0.5,84.0,0.06,0.05,0.57,1100.0,FanDuel NJ,1200.0,FanDuel NJ,600.0,FanDuel NJ,1.5,4000.0,Betfair UK,0.0,0.0,,,,,
PLAYER,IRQ_NOR,NOR,IRQ,Norway,Iraq,16-Jun,6:00 PM,,,,,,,,,,,,,IRQ,,D3,Zaid Tahseen,2500.0,3.17,1.268,2.78,0.5,83.0,0.03,0.03,0.22,5000.0,FanDuel NJ,3000.0,FanDuel NJ,2000.0,FanDuel NJ,1.5,5000.0,Skybet,0.0,0.0,,,,,
PLAYER,IRQ_NOR,NOR,IRQ,Norway,Iraq,16-Jun,6:00 PM,,,,,,,,,,,,,IRQ,,D2,Rebin Sulaka,2600.0,2.34,0.9,0.57,0.5,83.0,0.0,0.03,0.21,6000.0,DK NJ,3000.0,FanDuel NJ,2200.0,FanDuel NJ,1.5,5000.0,Skybet,0.0,0.0,,,,,
PLAYER,IRQ_NOR,NOR,IRQ,Norway,Iraq,16-Jun,6:00 PM,,,,,,,,,,,,,NOR,,S1,Erling Haaland,10700.0,20.65,1.93,32.93,33.48,90.0,1.03,0.18,4.4,-190.0,Caesars NJ,420.0,FanDuel NJ,-260.0,FanDuel NJ,1.5,170.0,Betfair UK,0.0,0.0,,,,,
PLAYER,IRQ_NOR,NOR,IRQ,Norway,Iraq,16-Jun,6:00 PM,,,,,,,,,,,,,NOR,,F2,Alexander Sorloth,7800.0,14.83,1.901,25.26,23.53,73.0,0.59,0.19,3.24,135.0,DK NJ,320.0,FanDuel NJ,-175.0,bet365 NJ,1.5,350.0,Betfair UK,0.0,0.0,,,,,
PLAYER,IRQ_NOR,NOR,IRQ,Norway,Iraq,16-Jun,6:00 PM,,,,,,,,,,,,,NOR,,M2,Martin Odegaard,8800.0,14.8,1.682,13.59,14.58,88.0,0.25,0.32,2.53,340.0,DK NJ,200.0,FanDuel NJ,-100.0,FanDuel NJ,1.5,900.0,Betfair UK,1.0,0.0,,,,,
PLAYER,IRQ_NOR,NOR,IRQ,Norway,Iraq,16-Jun,6:00 PM,,,,,,,,,,,,,NOR,,F1,Antonio Nusa,7400.0,14.39,1.945,14.49,26.52,79.0,0.36,0.24,2.81,265.0,DK NJ,225.0,bet365 NJ,-125.0,bet365 NJ,1.5,700.0,Betfair UK,0.0,0.0,,,,,
PLAYER,IRQ_NOR,NOR,IRQ,Norway,Iraq,16-Jun,6:00 PM,,,,,,,,,,,,,NOR,,D4,Julian Ryerson,6700.0,13.12,1.958,22.25,27.51,88.0,0.08,0.28,0.6,1200.0,DK NJ,210.0,Betfair UK,155.0,FanDuel NJ,1.5,4000.0,Skybet,1.0,0.0,,,,,
PLAYER,IRQ_NOR,NOR,IRQ,Norway,Iraq,16-Jun,6:00 PM,,,,,,,,,,,,,NOR,,GK1,Orjan Nyland,6000.0,9.58,1.597,12.48,14.58,90.0,0.0,0.0,0.0,,,,,,,,,,0.0,0.0,,,,,
PLAYER,IRQ_NOR,NOR,IRQ,Norway,Iraq,16-Jun,6:00 PM,,,,,,,,,,,,,NOR,,M3,Fredrik Aursnes,5300.0,8.97,1.692,6.99,7.29,74.0,0.17,0.22,1.07,650.0,DK NJ,300.0,bet365 NJ,137.0,bet365 NJ,1.5,2000.0,Betfair UK,0.0,0.0,,,,,
PLAYER,IRQ_NOR,NOR,IRQ,Norway,Iraq,16-Jun,6:00 PM,,,,,,,,,,,,,NOR,,D1,David Moller Wolfe,4500.0,8.65,1.922,12.68,12.26,85.0,0.09,0.16,0.44,800.0,BetanoUK,400.0,bet365 NJ,240.0,FanDuel NJ,1.5,3300.0,Skybet,0.0,0.0,,,,,
PLAYER,IRQ_NOR,NOR,IRQ,Norway,Iraq,16-Jun,6:00 PM,,,,,,,,,,,,,NOR,,M1,Sander Berge,4100.0,6.88,1.678,3.68,1.33,88.0,0.1,0.15,0.96,800.0,DK NJ,650.0,FanDuel NJ,340.0,FanDuel NJ,1.5,1800.0,Betfair UK,0.0,0.0,,,,,
PLAYER,IRQ_NOR,NOR,IRQ,Norway,Iraq,16-Jun,6:00 PM,,,,,,,,,,,,,NOR,,D2,Kristoffer Ajer,3300.0,6.35,1.924,7.57,3.65,88.0,0.06,0.08,0.48,1700.0,DK NJ,700.0,bet365 NJ,350.0,bet365 NJ,1.5,2500.0,Betfair UK,0.0,0.0,,,,,
PLAYER,IRQ_NOR,NOR,IRQ,Norway,Iraq,16-Jun,6:00 PM,,,,,,,,,,,,,NOR,,D3,Torbjorn Heggem,3400.0,5.8,1.706,4.94,3.31,87.0,0.04,0.07,0.4,1500.0,DK NJ,1100.0,FanDuel NJ,600.0,FanDuel NJ,1.5,4000.0,Skybet,0.0,0.0,,,,,
PREVIEW,FRA_SEN,FRA,SEN,,,,,,,,,,,,,,,,,,,,,,,,,,,,,,,,,,,,,,,,,,,key,"France enter ranked 1st in the world under Didier Deschamps, who departs after this tournament. They have reached the final in three of the last five World Cups and carry the deepest squad in the competition — world-class players are not even assured a roster spot.",FRA
PREVIEW,FRA_SEN,FRA,SEN,,,,,,,,,,,,,,,,,,,,,,,,,,,,,,,,,,,,,,,,,,,key,"Kylian Mbappe leads the France projection at 18.15 fpts. Michael Olise (18.59 fpts, confirmed CK) and Desire Doue (14.64 fpts) provide wide attacking depth in a side projecting 1.94 goals against a Senegal team projecting 0.81.",FRA
PREVIEW,FRA_SEN,FRA,SEN,,,,,,,,,,,,,,,,,,,,,,,,,,,,,,,,,,,,,,,,,,,stat,"Theo Hernandez (9.48 fpts, 19.23% proj_own) is the top-projecting France defender at $4,800. Ousmane Dembele (14.61 fpts) and Desire Doue both project 14+ fpts and offer differentiation within the France attacking stack in GPP construction.",FRA
PREVIEW,FRA_SEN,FRA,SEN,,,,,,,,,,,,,,,,,,,,,,,,,,,,,,,,,,,,,,,,,,,dfs_gpp,"France stack construction centers on Mbappe and Olise, with Doue or Dembele as a tertiary attacking option. The value layer sits in the $3,000–$4,800 defensive range where Upamecano, Saliba, and Kounde compress salary for multi-game builds.",FRA
PREVIEW,FRA_SEN,FRA,SEN,,,,,,,,,,,,,,,,,,,,,,,,,,,,,,,,,,,,,,,,,,,key,"Senegal arrive with Premier League-quality attack — Nicolas Jackson and Sadio Mane lead the finishing threat, while El Hadji Malick Diouf and Krepin Diatta carry set piece delivery responsibility from defense.",SEN
PREVIEW,FRA_SEN,FRA,SEN,,,,,,,,,,,,,,,,,,,,,,,,,,,,,,,,,,,,,,,,,,,key,El Hadji Malick Diouf leads the Senegal projection at 8.15 fpts as one of two confirmed CK takers in defense. Iliman Ndiaye (7.75 fpts) in attack and Lamine Camara (8.06 fpts) in midfield provide the Senegal creative output in a challenging matchup.,SEN
PREVIEW,FRA_SEN,FRA,SEN,,,,,,,,,,,,,,,,,,,,,,,,,,,,,,,,,,,,,,,,,,,stat,"Senegal project 0.81 goals against France. Their value concentrates in defense — El Hadji Malick Diouf ($4,300) and Krepin Diatta ($3,600) as confirmed CK takers offer dead ball upside at accessible salary points.",SEN
PREVIEW,FRA_SEN,FRA,SEN,,,,,,,,,,,,,,,,,,,,,,,,,,,,,,,,,,,,,,,,,,,dfs_gpp,"Senegal plays are tournament-price GPP in a game France should control. El Hadji Malick Diouf and Krepin Diatta as set piece takers in defense at $3,600–$4,300 offer the highest salary relief with upside from dead ball situations. Nicolas Jackson ($5,600) is the attack ceiling play.",SEN
PREVIEW,IRQ_NOR,NOR,IRQ,,,,,,,,,,,,,,,,,,,,,,,,,,,,,,,,,,,,,,,,,,,key,"Norway return to the World Cup for the first time since 1998, qualifying with eight wins from eight European matches. They twice beat Italy on aggregate 7-1 and scored 37 qualifying goals — more than any other European nation — under Stale Solbakken.",NOR
PREVIEW,IRQ_NOR,NOR,IRQ,,,,,,,,,,,,,,,,,,,,,,,,,,,,,,,,,,,,,,,,,,,key,"Erling Haaland leads the Norway projection at 20.65 fpts in attack — the highest projection on this slate. Martin Odegaard (14.80 fpts, confirmed CK) in midfield and Alexander Sorloth (14.83 fpts) in attack provide depth in a system built around early delivery and vertical width.",NOR
PREVIEW,IRQ_NOR,NOR,IRQ,,,,,,,,,,,,,,,,,,,,,,,,,,,,,,,,,,,,,,,,,,,stat,"Norway project 2.39 goals against Iraq in the highest-total game on the slate (o/u 3.0). Julian Ryerson (13.12 fpts, 27.51% proj_own) is the standout value defensive play on this entire slate — a $5,200 defender with set piece involvement projecting double-digit fpts.",NOR
PREVIEW,IRQ_NOR,NOR,IRQ,,,,,,,,,,,,,,,,,,,,,,,,,,,,,,,,,,,,,,,,,,,dfs_gpp,"The Norway core is Haaland, Odegaard, Sorloth, and Antonio Nusa in attack — all four project 14+ fpts with different ownership profiles. Ryerson anchors the value layer in defense. Norway at 79.4% implied win is the clearest one-sided matchup on June 16.",NOR
PREVIEW,IRQ_NOR,NOR,IRQ,,,,,,,,,,,,,,,,,,,,,,,,,,,,,,,,,,,,,,,,,,,key,"Iraq return to the World Cup for the first time since 1986, qualifying through an intercontinental play-off against Bolivia. Under Graham Arnold they bring a defensively organized structure built around holding shape and exploiting transitions in attack.",IRQ
PREVIEW,IRQ_NOR,NOR,IRQ,,,,,,,,,,,,,,,,,,,,,,,,,,,,,,,,,,,,,,,,,,,key,"Merchas Doski leads the Iraq projection at 8.06 fpts in defense with 18.89% proj_own. Amir Al Ammari (6.86 fpts) is the confirmed CK taker in midfield. Iraq carry dual attack options in Ali Al Hamadi and Aymen Hussein, introducing rotation uncertainty at that position group.",IRQ
PREVIEW,IRQ_NOR,NOR,IRQ,,,,,,,,,,,,,,,,,,,,,,,,,,,,,,,,,,,,,,,,,,,stat,"Iraq project 0.61 goals against Norway. At 6.9% implied win probability, Iraq plays are pure large-field GPP. The 3.0 total is the highest on the slate — a competitive game script through 60 minutes changes Iraq DFS value significantly more than the base case.",IRQ
PREVIEW,IRQ_NOR,NOR,IRQ,,,,,,,,,,,,,,,,,,,,,,,,,,,,,,,,,,,,,,,,,,,dfs_gpp,"Iraq GPP plays require a competitive game script or a set piece moment. Amir Al Ammari as the CK taker in midfield at $3,200 is the highest-ceiling Iraq tournament play. Ibrahim Bayesh and Ali Jasim both occupy the same midfield role; Jasim projects higher at 5.63 fpts.",IRQ
PREVIEW,ALG_ARG,ARG,ALG,,,,,,,,,,,,,,,,,,,,,,,,,,,,,,,,,,,,,,,,,,,key,"Argentina enter as reigning champions attempting back-to-back World Cup titles — a feat not achieved since Brazil in 1962. Under Scaloni they have won the 2021 Copa America, 2022 World Cup, and 2024 Copa America, the most decorated three-year international cycle in modern football.",ARG
PREVIEW,ALG_ARG,ARG,ALG,,,,,,,,,,,,,,,,,,,,,,,,,,,,,,,,,,,,,,,,,,,key,"Lionel Messi leads the Argentina projection at 21.89 fpts in attack — the highest individual projection on this slate. As the confirmed CK taker with 0.66 xG and 3.73 projected shots, Messi carries ceiling across every scoring category. Lautaro Martinez (13.20 fpts) leads the finishing effort alongside him in attack.",ARG
PREVIEW,ALG_ARG,ARG,ALG,,,,,,,,,,,,,,,,,,,,,,,,,,,,,,,,,,,,,,,,,,,stat,"Gonzalo Montiel (8.74 fpts, 22.54% proj_own) is the value defensive play at $4,500 with attacking involvement and set piece presence. Enzo Fernandez (11.83 fpts) and Alexis Mac Allister (9.38 fpts, 20.22% proj_own) provide midfield volume and assist upside.",ARG
PREVIEW,ALG_ARG,ARG,ALG,,,,,,,,,,,,,,,,,,,,,,,,,,,,,,,,,,,,,,,,,,,dfs_gpp,Argentina stack construction builds outward from Messi in attack. Lautaro Martinez and Thiago Almada are the primary layering options at attack. Rodrigo De Paul as a secondary CK contributor in midfield at 9.36 fpts offers a differentiated Argentina pivot from the Messi-Lautaro core.,ARG
PREVIEW,ALG_ARG,ARG,ALG,,,,,,,,,,,,,,,,,,,,,,,,,,,,,,,,,,,,,,,,,,,key,"Algeria return to the World Cup after a 12-year absence, winning eight of ten CAF qualifying matches under Vladimir Petkovic. Riyad Mahrez, in what is likely his final World Cup, remains the creative nucleus in attack, supported by a squad blending European diaspora talent and domestic depth.",ALG
PREVIEW,ALG_ARG,ARG,ALG,,,,,,,,,,,,,,,,,,,,,,,,,,,,,,,,,,,,,,,,,,,key,"Riyad Mahrez leads the Algeria projection at 7.72 fpts in attack as the confirmed CK taker at $4,200. Amine Gouiri (7.69 fpts) and Mohammed Amoura (7.60 fpts) provide additional attacking threat in a system expected to sit deep and look for counter-attacking transitions against Argentina.",ALG
PREVIEW,ALG_ARG,ARG,ALG,,,,,,,,,,,,,,,,,,,,,,,,,,,,,,,,,,,,,,,,,,,stat,"Algeria project 0.72 goals against Argentina's 1.78. At 11% implied win probability, Algeria plays are GPP-only. Jaouen Hadjam (6.03 fpts, 12.26% proj_own) is the highest-value Algerian defensive option at $3,000 — the primary salary-relief play in this matchup.",ALG
PREVIEW,ALG_ARG,ARG,ALG,,,,,,,,,,,,,,,,,,,,,,,,,,,,,,,,,,,,,,,,,,,dfs_gpp,Algeria GPP plays center on Mahrez's set piece delivery and Gouiri's goal threat on the counter. A 0-0 or 1-0 Algeria scenario dramatically increases the value of their entire roster. Mahrez in attack and Hadjam in defense form the two-player Algeria core for large-field GPP construction.,ALG
PREVIEW,AUT_JOR,AUT,JOR,,,,,,,,,,,,,,,,,,,,,,,,,,,,,,,,,,,,,,,,,,,key,"Austria return to the World Cup for the first time since 1998 under Ralf Rangnick, whose high-press system produced a dominant European qualifying campaign — 22 goals scored and just 4 conceded across eight matches. They finished top of their group two points clear of Bosnia.",AUT
PREVIEW,AUT_JOR,AUT,JOR,,,,,,,,,,,,,,,,,,,,,,,,,,,,,,,,,,,,,,,,,,,key,Marcel Sabitzer leads the Austria projection at 15.25 fpts in midfield as the confirmed CK taker. Marko Arnautovic (14.00 fpts) and Romano Schmid (13.52 fpts) provide the attacking output in a system with high pressing intensity and strong transition speed under Rangnick.,AUT
PREVIEW,AUT_JOR,AUT,JOR,,,,,,,,,,,,,,,,,,,,,,,,,,,,,,,,,,,,,,,,,,,stat,"Austria project 1.83 goals against Jordan's 0.67 in a 2.5 total game. Phillipp Mwene (9.67 fpts) and Konrad Laimer (9.41 fpts) are the top-projecting Austria defenders at under $4,500 — among the best defensive value plays on this full slate.",AUT
PREVIEW,AUT_JOR,AUT,JOR,,,,,,,,,,,,,,,,,,,,,,,,,,,,,,,,,,,,,,,,,,,dfs_gpp,"Austria stack starts with Sabitzer in midfield and Arnautovic in attack. Michael Gregoritsch (12.17 fpts) provides a secondary attacking option. The Mwene-Laimer defensive pairing in the $4,300–$4,400 range anchors the value layer for multi-game Austria-heavy construction.",AUT
PREVIEW,AUT_JOR,AUT,JOR,,,,,,,,,,,,,,,,,,,,,,,,,,,,,,,,,,,,,,,,,,,key,Jordan make their first-ever World Cup appearance as a nation ranked 63rd globally. Their qualification was built on the momentum of a 2023 AFC Asian Cup final run and a consistent defensive record — losing only twice in ten AFC third-round qualifying matches.,JOR
PREVIEW,AUT_JOR,AUT,JOR,,,,,,,,,,,,,,,,,,,,,,,,,,,,,,,,,,,,,,,,,,,key,Mousa Al Tamari leads the Jordan projection at 8.96 fpts in attack as the confirmed CK taker and primary creative outlet. His ability to deliver set pieces and drive on the counter gives Jordan their only viable upside in a game Austria should control on possession.,JOR
PREVIEW,AUT_JOR,AUT,JOR,,,,,,,,,,,,,,,,,,,,,,,,,,,,,,,,,,,,,,,,,,,stat,"Jordan project 0.67 goals against Austria's 1.83. At 11% implied win probability, Jordan plays are tournament-price GPP. Yazeed Abulaila (6.57 fpts, 23.87% proj_own) in goal carries unusually high ownership projection — a potential slate-level leverage position if Jordan keep it tight.",JOR
PREVIEW,AUT_JOR,AUT,JOR,,,,,,,,,,,,,,,,,,,,,,,,,,,,,,,,,,,,,,,,,,,dfs_gpp,Jordan GPP plays require a set piece conversion or a competitive game script through 60+ minutes. Mousa Al Tamari in attack is the only Jordan player with sufficient projection and role to anchor a tournament-price GPP lineup. Ehsan Haddad (5.92 fpts) in midfield provides the secondary Jordan option.,JOR
